日期,星期,最高气温,最低气温,天气,风向
2021-01-01,星期五,1,-13,晴,东风 1级
2021-01-02,星期六,0,-10,晴,东北风 2级
2021-01-03,星期日,-1,-9,多云,东南风 1级
2021-01-04,星期一,1,-11,晴,东北风 2级
2021-01-05,星期二,-2,-10,晴,西南风 2级
2021-01-06,星期三,-3,-19,晴,西北风 5级
2021-01-07,星期四,-6,-15,晴,西南风 2级
2021-01-08,星期五,-3,-14,晴,西南风 2级
2021-01-09,星期六,2,-11,晴,西北风 2级
2021-01-10,星期日,2,-10,多云,北风 1级
2021-01-11,星期一,2,-10,多云,西南风2级
2021-01-12,星期二,7,-7,晴,西南风2级
2021-01-13,星期三,9,-7,霾,东风2级
2021-01-14,星期四,2,-6,晴,东北风3级
2021-01-15,星期五,3,-9,晴,东北风2级
2021-01-16,星期六,1,-9,晴,东风1级
2021-01-17,星期日,4,-9,晴,西南风2级
2021-01-18,星期一,5,-9,晴,东南风2级
2021-01-19,星期二,-2,-9,晴,东北风3级
2021-01-20,星期三,0,-8,多云,东北风1级
2021-01-21,星期四,4,-5,晴,西南风1级
2021-01-22,星期五,5,-6,多云,东风2级
2021-01-23,星期六,4,-7,晴,西南风2级
2021-01-24,星期日,4,-5,阴,东北风1级
2021-01-25,星期一,1,-7,霾,南风1级
2021-01-26,星期二,3,-7,晴,南风2级
2021-01-27,星期三,4,-9,晴,东北风2级
2021-01-28,星期四,0,-10,晴,北风3级
2021-01-29,星期五,1,-8,晴,东北风2级
2021-01-30,星期六,7,-8,晴,东风2级
2021-01-31,星期日,0,-6,晴,东北风2级
2021-02-01,星期一,4,-11,晴,北风 4级
2021-02-02,星期二,0,-9,晴,西南风 2级
2021-02-03,星期三,7,-7,晴,北风 2级
2021-02-04,星期四,11,-3,晴,西南风 3级
2021-02-05,星期五,17,-2,晴,西风 2级
2021-02-06,星期六,16,-5,晴,北风 2级
2021-02-07,星期日,7,-6,晴,东风 2级
2021-02-08,星期一,9,-5,晴,西南风 1级
2021-02-09,星期二,9,-4,晴,西风 1级
2021-02-10,星期三,14,-5,晴,南风 1级
2021-02-11,星期四,11,-2,霾,北风2级
2021-02-12,星期五,14,-1,霾,东北风2级
2021-02-13,星期六,7,1,霾,东北风2级
2021-02-14,星期日,3,-7,阴,东北风2级
2021-02-15,星期一,7,-4,多云,西南风3级
2021-02-16,星期二,3,-10,晴,北风5级
2021-02-17,星期三,2,-6,晴,西北风2级
2021-02-18,星期四,8,-4,晴,西风1级
2021-02-19,星期五,18,0,晴,北风1级
2021-02-20,星期六,22,0,晴,西南风2级
2021-02-21,星期日,24,2,晴,东北风1级
2021-02-22,星期一,12,-3,多云,东风3级
2021-02-23,星期二,3,-3,阴,东南风2级
2021-02-24,星期三,4,-2,多云,东风1级
2021-02-25,星期四,9,-3,晴,东北风2级
2021-02-26,星期五,11,-3,霾,南风2级
2021-02-27,星期六,11,1,阴,南风2级
2021-02-28,星期日,4,-1,小雪,东北风2级
2021-03-01,星期一,2,-5,晴,东风 3级
2021-03-02,星期二,3,-2,晴,南风 2级
2021-03-03,星期三,4,2,晴,东北风 2级
2021-03-04,星期四,10,2,霾,东北风 2级
2021-03-05,星期五,10,-2,阴,东北风 3级
2021-03-06,星期六,3,-4,晴,东南风 2级
2021-03-07,星期日,8,-3,晴,西南风 2级
2021-03-08,星期一,10,0,晴,西南风 2级
2021-03-09,星期二,14,3,霾,东北风 2级
2021-03-10,星期三,16,8,霾,西南风 3级
2021-03-11,星期四,17,6,多云,南风3级
2021-03-12,星期五,11,6,霾,南风3级
2021-03-13,星期六,14,3,多云,南风1级
2021-03-14,星期日,14,8,多云,西南风2级
2021-03-15,星期一,14,0,晴,北风3级
2021-03-16,星期二,14,5,霾,东风2级
2021-03-17,星期三,12,5,阴,东南风2级
2021-03-18,星期四,8,2,多云,东南风2级
2021-03-19,星期五,9,-4,阴,南风2级
2021-03-20,星期六,14,2,晴,西北风3级
2021-03-21,星期日,12,3,晴,西北风3级
2021-03-22,星期一,19,3,晴,西南风3级
2021-03-23,星期二,23,6,晴,西南风2级
2021-03-24,星期三,20,5,晴,东北风3级
2021-03-25,星期四,21,9,阴,西南风3级
2021-03-26,星期五,14,8,多云,南风2级
2021-03-27,星期六,17,9,晴,南风2级
2021-03-28,星期日,20,7,晴,西北风3级
2021-03-29,星期一,18,4,晴,西风3级
2021-03-30,星期二,21,8,晴,西南风3级
2021-03-31,星期三,24,10,晴,东北风2级
2021-04-01,星期四,19,11,阴,东北风 2级
2021-04-02,星期五,16,10,小雨,东风 2级
2021-04-03,星期六,18,6,阴,东北风 3级
2021-04-04,星期日,19,8,晴,西南风 2级
2021-04-05,星期一,18,7,阴,西南风 3级
2021-04-06,星期二,21,7,晴,南风 2级
2021-04-07,星期三,19,5,晴,东风 3级
2021-04-08,星期四,19,6,多云,南风 2级
2021-04-09,星期五,18,8,晴,东北风 3级
2021-04-10,星期六,19,11,阴,南风 3级
2021-04-11,星期日,19,10,阴,南风3级
2021-04-12,星期一,17,5,多云,北风3级
2021-04-13,星期二,15,3,晴,西风3级
2021-04-14,星期三,21,10,晴,西南风3级
2021-04-15,星期四,22,7,晴,西风4级
2021-04-16,星期五,17,6,晴,西北风3级
2021-04-17,星期六,19,7,晴,西北风3级
2021-04-18,星期日,25,10,晴,西南风3级
2021-04-19,星期一,26,14,多云,南风2级
2021-04-20,星期二,26,13,多云,南风3级
2021-04-21,星期三,20,12,阴,西南风2级
2021-04-22,星期四,16,8,晴,东风3级
2021-04-23,星期五,21,12,多云,东风3级
2021-04-24,星期六,18,13,阴,东风3级
2021-04-25,星期日,20,11,多云,西南风2级
2021-04-26,星期一,21,11,多云,南风3级
2021-04-27,星期二,24,9,晴,西北风3级
2021-04-28,星期三,22,9,多云,西南风2级
2021-04-29,星期四,19,8,多云,西北风3级
2021-04-30,星期五,19,8,晴,东北风2级
2021-05-01,星期六,21,7,晴,北风 3级
2021-05-02,星期日,20,12,多云,西南风 3级
2021-05-03,星期一,24,10,多云,南风 3级
2021-05-04,星期二,23,10,晴,西北风 4级
2021-05-05,星期三,28,12,多云,西南风 3级
2021-05-06,星期四,29,13,晴转霾,西风 4级
2021-05-07,星期五,27,14,晴,西风 3级
2021-05-08,星期六,27,12,多云,北风 4级
2021-05-09,星期日,26,13,多云,东南风 3级
2021-05-10,星期一,24,13,多云,东风 3级
2021-05-11,星期二,24,13,阴,南风2级
2021-05-12,星期三,26,14,晴,东风2级
2021-05-13,星期四,23,16,多云,东风3级
2021-05-14,星期五,27,14,多云,东风2级
2021-05-15,星期六,20,12,阴,东北风3级
2021-05-16,星期日,24,13,多云,西北风3级
2021-05-17,星期一,30,13,多云,西南风3级
2021-05-18,星期二,33,18,多云,西风2级
2021-05-19,星期三,28,18,阴,西南风3级
2021-05-20,星期四,27,17,多云,南风3级
2021-05-21,星期五,29,18,多云转小雨,西南风3级
2021-05-22,星期六,32,18,阴,西南风2级
2021-05-23,星期日,25,12,晴,西北风3级
2021-05-24,星期一,27,11,多云,西北风3级
2021-05-25,星期二,29,16,多云,西风3级
2021-05-26,星期三,26,12,多云转小雨,北风3级
2021-05-27,星期四,28,15,晴转小雨,西风3级
2021-05-28,星期五,28,15,多云,西北风4级
2021-05-29,星期六,27,15,多云,东风4级
2021-05-30,星期日,27,15,晴,东南风2级
2021-05-31,星期一,25,15,小雨,东风2级
2021-06-01,星期二,27,15,多云,东风 3级
2021-06-02,星期三,26,11,多云,东北风 2级
2021-06-03,星期四,28,16,晴,西北风 3级
2021-06-04,星期五,31,16,晴,西北风 4级
2021-06-05,星期六,34,18,晴,西北风 3级
2021-06-06,星期日,32,19,阴,东风 2级
2021-06-07,星期一,27,18,阴,东北风 3级
2021-06-08,星期二,30,21,多云,东北风 2级
2021-06-09,星期三,25,18,阴,东北风 2级
2021-06-10,星期四,30,18,晴,东风 2级
2021-06-11,星期五,35,20,阴,西南风2级
2021-06-12,星期六,35,23,晴,西南风2级
2021-06-13,星期日,33,24,阴,西南风2级
2021-06-14,星期一,30,23,多云,东北风2级
2021-06-15,星期二,30,20,多云,东风3级
2021-06-16,星期三,21,19,阴,东风2级
2021-06-17,星期四,32,17,晴,西北风2级
2021-06-18,星期五,33,18,晴,西北风3级
2021-06-19,星期六,37,19,多云,西北风3级
2021-06-20,星期日,35,19,多云,西北风2级
2021-06-21,星期一,35,20,晴,东北风3级
2021-06-22,星期二,32,21,多云,东南风2级
2021-06-23,星期三,31,21,小雨,东风2级
2021-06-24,星期四,26,21,阴,东北风1级
2021-06-25,星期五,29,23,晴,南风3级
2021-06-26,星期六,29,23,多云,东北风2级
2021-06-27,星期日,33,23,晴,东风2级
2021-06-28,星期一,31,23,晴,东南风2级
2021-06-29,星期二,29,22,多云,东风2级
2021-06-30,星期三,32,20,晴,东风2级
2021-07-01,星期四,29,19,多云,西北风 3级
2021-07-02,星期五,30,22,阴,西南风 2级
2021-07-03,星期六,27,20,晴,东北风 2级
2021-07-04,星期日,32,22,晴,东南风 2级
2021-07-05,星期一,33,21,小雨到中雨,南风 2级
2021-07-06,星期二,29,22,多云,西南风 2级
2021-07-07,星期三,31,23,晴,西风 2级
2021-07-08,星期四,33,24,晴,西北风 2级
2021-07-09,星期五,32,23,晴,东北风 2级
2021-07-10,星期六,33,23,阴到小雨,北风 2级
2021-07-11,星期日,32,22,小雨,南风3级
2021-07-12,星期一,26,22,阴,东北风3级
2021-07-13,星期二,30,24,晴,西北风2级
2021-07-14,星期三,32,25,晴,东风2级
2021-07-15,星期四,32,25,晴,东风2级
2021-07-16,星期五,31,25,晴转小雨,东北风2级
2021-07-17,星期六,30,23,阴,东北风3级
2021-07-18,星期日,27,23,阴,北风2级
2021-07-19,星期一,30,24,阴,东南风2级
2021-07-20,星期二,31,24,阴,东南风2级
2021-07-21,星期三,27,24,阴,东北风2级
2021-07-22,星期四,28,23,多云,西南风2级
2021-07-23,星期五,31,22,阴,西南风2级
2021-07-24,星期六,32,24,多云,西南风2级
2021-07-25,星期日,33,25,多云,西南风3级
2021-07-26,星期一,32,25,阴,西南风2级
2021-07-27,星期二,29,24,阴,东北风2级
2021-07-28,星期三,27,23,阴,东北风2级
2021-07-29,星期四,25,20,小雨,东北风3级
2021-07-30,星期五,32,22,多云,西北风2级
2021-07-31,星期六,32,21,晴,西北风2级
2021-08-01,星期日,33,21,晴,东北风 2级
2021-08-02,星期一,32,21,晴,西南风 2级
2021-08-03,星期二,29,24,多云,南风 2级
2021-08-04,星期三,31,24,多云,西南风 2级
2021-08-05,星期四,30,21,晴,东北风 2级
2021-08-06,星期五,31,22,晴,南风 2级
2021-08-07,星期六,32,23,晴,西南风 2级
2021-08-08,星期日,32,23,小雨,西南风 2级
2021-08-09,星期一,30,22,多云,东南风 2级
2021-08-10,星期二,32,22,晴,西南风 2级
2021-08-11,星期三,30,23,多云,东北风2级
2021-08-12,星期四,29,21,多云,东风2级
2021-08-13,星期五,29,21,多云,南风2级
2021-08-14,星期六,28,22,多云,南风2级
2021-08-15,星期日,28,21,多云,南风2级
2021-08-16,星期一,29,22,小雨,南风2级
2021-08-17,星期二,28,21,多云,东风2级
2021-08-18,星期三,27,21,多云,西南风2级
2021-08-19,星期四,21,18,阴,东南风2级
2021-08-20,星期五,28,20,晴,东北风1级
2021-08-21,星期六,31,23,多云,西南风2级
2021-08-22,星期日,30,21,多云,西南风3级
2021-08-23,星期一,29,20,中雨,西南风2级
2021-08-24,星期二,30,17,晴,西风2级
2021-08-25,星期三,28,17,晴,西风2级
2021-08-26,星期四,29,17,多云,西南风2级
2021-08-27,星期五,29,18,晴,东风2级
2021-08-28,星期六,27,18,多云,东北风1级
2021-08-29,星期日,27,19,多云,西南风2级
2021-08-30,星期一,27,21,多云,东风1级
2021-08-31,星期二,25,18,晴,西风2级
2021-09-01,星期三,29,18,晴,西南风 2级
2021-09-02,星期四,29,20,多云,西南风 2级
2021-09-03,星期五,30,21,多云,西南风 0级
2021-09-04,星期六,26,19,多云,东北风 1级
2021-09-05,星期日,21,20,小雨,北风 1级
2021-09-06,星期一,24,15,多云,东北风 3级
2021-09-07,星期二,27,17,晴,西南风 1级
2021-09-08,星期三,28,18,多云,西风 1级
2021-09-09,星期四,25,17,多云,北风 1级
2021-09-10,星期五,29,19,晴,西南风 0级
2021-09-11,星期六,29,20,晴,东北风1级
2021-09-12,星期日,24,21,阴到小雨,北风2级
2021-09-13,星期一,27,21,多云,东南风1级
2021-09-14,星期二,25,17,多云,东北风1级
2021-09-15,星期三,26,18,晴,西风0级
2021-09-16,星期四,23,17,多云,西南风0级
2021-09-17,星期五,27,17,多云,南风1级
2021-09-18,星期六,22,18,多云,南风1级
2021-09-19,星期日,18,15,小雨,东北风2级
2021-09-20,星期一,25,14,多云,北风0级
2021-09-21,星期二,27,15,晴,西南风1级
2021-09-22,星期三,29,17,多云,北风0级
2021-09-23,星期四,28,19,小雨,南风0级
2021-09-24,星期五,20,18,阴到中雨,北风2级
2021-09-25,星期六,23,19,多云,东风1级
2021-09-26,星期日,20,16,多云,南风4级
2021-09-27,星期一,27,18,多云,东南风0级
2021-09-28,星期二,24,15,晴,西南风1级
2021-09-29,星期三,28,16,晴,西北风0级
2021-09-30,星期四,23,16,晴,东风2级
2021-10-01,星期五,24,14,多云,南风 2级
2021-10-02,星期六,21,18,多云,东南风 1级
2021-10-03,星期日,21,18,多云,北风 1级
2021-10-04,星期一,18,10,小雨,西北风 2级
2021-10-05,星期二,14,9,小雨,西风 2级
2021-10-06,星期三,11,6,多云,南风 0级
2021-10-07,星期四,19,8,晴,北风 0级
2021-10-08,星期五,20,14,多云,西风 0级
2021-10-09,星期六,15,11,多云,南风 2级
2021-10-10,星期日,19,5,多云,北风 0级
2021-10-11,星期一,19,6,晴,东南风2级
2021-10-12,星期二,20,8,多云,南风0级
2021-10-13,星期三,20,14,多云,西南风1级
2021-10-14,星期四,20,12,多云,东北风0级
2021-10-15,星期五,21,4,阴,北风4级
2021-10-16,星期六,13,0,晴,西南风1级
2021-10-17,星期日,16,3,晴,南风2级
2021-10-18,星期一,16,2,晴,北风1级
2021-10-19,星期二,14,2,多云,西风1级
2021-10-20,星期三,14,1,晴,西南风1级
2021-10-21,星期四,20,2,晴,西风1级
2021-10-22,星期五,18,4,晴,南风1级
2021-10-23,星期六,17,4,晴,西南风2级
2021-10-24,星期日,18,5,晴,东南风1级
2021-10-25,星期一,18,7,阴,南风1级
2021-10-26,星期二,23,4,晴,北风2级
2021-10-27,星期三,21,6,多云,西南风1级
2021-10-28,星期四,19,8,多云,东北风1级
2021-10-29,星期五,17,5,晴,西南风1级
2021-10-30,星期六,19,7,多云,西风1级
2021-10-31,星期日,19,4,晴,东风1级
2021-11-01,星期一,13,6,多云~阴,西南风 2级
2021-11-02,星期二,13,4,多云~晴,西南风 2级
2021-11-03,星期三,11,5,雾~晴,西南风 1级
2021-11-04,星期四,12,7,雾~多云,东北风 1级
2021-11-05,星期五,13,10,雾~小雨,东北风 2级
2021-11-06,星期六,12,0,小雨~大雪,东北风 3级
2021-11-07,星期日,1,-5,大雪~多云,北风 2级
2021-11-08,星期一,8,-2,晴,西风 2级
2021-11-09,星期二,12,0,晴,西北风 2级
2021-11-10,星期三,16,1,晴,西北风 2级
2021-11-11,星期四,14,-2,晴,西北风2级
2021-11-12,星期五,15,-1,晴,西南风2级
2021-11-13,星期六,17,-1,晴,西北风1级
2021-11-14,星期日,16,1,晴~多云,西北风1级
2021-11-15,星期一,11,0,多云~晴,东北风2级
2021-11-16,星期二,12,2,多云~雾,西南风2级
2021-11-17,星期三,11,0,雾,西北风1级
2021-11-18,星期四,10,1,雾~多云,北风1级
2021-11-19,星期五,9,3,多云~阴,东北风2级
2021-11-20,星期六,8,0,多云,东北风1级
2021-11-21,星期日,8,-5,晴,西北风3级
2021-11-22,星期一,4,-6,晴,西北风2级
2021-11-23,星期二,9,-4,晴,西南风2级
2021-11-24,星期三,13,-3,晴,西风1级
2021-11-25,星期四,14,-2,多云~晴,西北风1级
2021-11-26,星期五,13,-2,多云~晴,西北风1级
2021-11-27,星期六,9,0,多云,西南风1级
2021-11-28,星期日,8,1,多云,西北风1级
2021-11-29,星期一,7,-3,小雨~多云,东北风2级
2021-11-30,星期二,6,-6,多云~晴,西北风3级
2021-12-01,星期三,9,-5,多云,西南风 1级
2021-12-02,星期四,13,-2,多云,西南风 1级
2021-12-03,星期五,13,-1,晴,东风 1级
2021-12-04,星期六,13,-5,晴,东风 1级
2021-12-05,星期日,11,-2,多云,南风 1级
2021-12-06,星期一,12,-3,多云,南风 1级
2021-12-07,星期二,9,-3,阴,南风 2级
2021-12-08,星期三,8,0,小雨,南风 1级
2021-12-09,星期四,4,-3,晴,西风 1级
2021-12-10,星期五,9,-2,阴,西南风 2级
2021-12-11,星期六,10,-4,阴,西南风1级
2021-12-12,星期日,4,-7,晴,西南风1级
2021-12-13,星期一,4,-7,晴,南风1级
2021-12-14,星期二,6,-6,晴,南风1级
2021-12-15,星期三,4,-5,多云,东南风1级
2021-12-16,星期四,4,-10,晴,北风3级
2021-12-17,星期五,1,-7,晴,南风2级
2021-12-18,星期六,5,-7,晴,西风1级
2021-12-19,星期日,8,-4,多云,南风0级
2021-12-20,星期一,12,-4,晴,东南风1级
2021-12-21,星期二,8,-3,多云,西风1级
2021-12-22,星期三,5,-4,晴,南风1级
2021-12-23,星期四,-1,-8,阴,东风2级
2021-12-24,星期五,-2,-12,晴,东风1级
2021-12-25,星期六,-3,-16,晴,东北风1级
2021-12-26,星期日,0,-10,晴,西南风1级
2021-12-27,星期一,6,-9,晴,西南风1级
2021-12-28,星期二,5,-8,晴,南风1级
2021-12-29,星期三,5,-7,晴,南风1级
2021-12-30,星期四,7,-7,晴,南风0级
2021-12-31,星期五,4,-7,晴,东北风1级
2022-01-01,星期六,8,-10,晴,西北风 1级
2022-01-02,星期日,2,-9,多云,西南风 1级
2022-01-03,星期一,7,-8,晴,西风 1级
2022-01-04,星期二,3,-7,多云,东风 2级
2022-01-05,星期三,3,-7,晴,北风 2级
2022-01-06,星期四,6,-7,晴,东风 1级
2022-01-07,星期五,4,-5,晴,西风 2级
2022-01-08,星期六,9,-5,多云,西南风 1级
2022-01-09,星期日,2,-4,多云,东北风 1级
2022-01-10,星期一,4,-10,晴,东北风 2级
2022-01-11,星期二,1,-8,晴,南风1级
2022-01-12,星期三,2,-10,晴,北风2级
2022-01-13,星期四,5,-8,晴,北风1级
2022-01-14,星期五,2,-8,多云,西南风1级
2022-01-15,星期六,6,-11,晴,东北风2级
2022-01-16,星期日,1,-10,晴,西风1级
2022-01-17,星期一,4,-8,晴,南风1级
2022-01-18,星期二,3,-7,多云,东北风2级
2022-01-19,星期三,0,-7,多云,西南风2级
2022-01-20,星期四,-1,-6,多云,东南风1级
2022-01-21,星期五,2,-5,多云,西南风1级
2022-01-22,星期六,2,-6,晴,东北风1级
2022-01-23,星期日,3,-5,阴,西南风1级
2022-01-24,星期一,7,-6,阴,西风1级
2022-01-25,星期二,3,-5,晴,西风2级
2022-01-26,星期三,4,-7,多云,北风1级
2022-01-27,星期四,4,-8,多云,东北风1级
2022-01-28,星期五,4,-8,多云,东南风2级
2022-01-29,星期六,5,-7,晴,南风1级
2022-01-30,星期日,4,-6,多云,西南风1级
2022-01-31,星期一,4,-9,晴,西北风2级
2022-02-01,星期二,2,-11,晴,西风 1级
2022-02-02,星期三,4,-10,晴,西风 1级
2022-02-03,星期四,4,-9,晴,东风 2级
2022-02-04,星期五,2,-10,晴,西北风 1级
2022-02-05,星期六,4,-7,晴,西南风 2级
2022-02-06,星期日,6,-6,多云,西北风 1级
2022-02-07,星期一,5,-7,多云,西风 1级
2022-02-08,星期二,8,-6,晴,西北风 1级
2022-02-09,星期三,8,-7,多云,西北风 2级
2022-02-10,星期四,10,-4,晴,西南风 1级
2022-02-11,星期五,9,-4,多云,东风2级
2022-02-12,星期六,0,-6,多云,东北风1级
2022-02-13,星期日,-3,-9,大雪,东风1级
2022-02-14,星期一,0,-12,晴,东北风1级
2022-02-15,星期二,-3,-11,多云,西风1级
2022-02-16,星期三,-1,-10,晴,东北风2级
2022-02-17,星期四,-1,-8,多云,西南风1级
2022-02-18,星期五,2,-9,多云,北风1级
2022-02-19,星期六,1,-12,多云,西北风1级
2022-02-20,星期日,5,-8,晴,西南风2级
2022-02-21,星期一,4,-10,多云,北风1级
2022-02-22,星期二,4,-9,晴,西风1级
2022-02-23,星期三,7,-5,晴,西风1级
2022-02-24,星期四,11,-3,晴,西南风1级
2022-02-25,星期五,13,-1,晴,北风1级
2022-02-26,星期六,12,-3,晴,西风1级
2022-02-27,星期日,16,1,晴,西南风2级
2022-02-28,星期一,12,-3,阴,北风2级
2022-03-01,星期二,17,-4,晴,南风 1级
2022-03-02,星期三,12,-1,晴,东北风 1级
2022-03-03,星期四,13,-1,晴,西风 1级
2022-03-04,星期五,12,-5,晴,北风 2级
2022-03-05,星期六,12,-3,晴,东南风 1级
2022-03-06,星期日,16,-2,多云,西南风 1级
2022-03-07,星期一,18,2,多云,南风 2级
2022-03-08,星期二,17,3,晴,东北风 1级
2022-03-09,星期三,22,6,多云,西南风 1级
2022-03-10,星期四,14,9,多云,东北风 1级
2022-03-11,星期五,14,8,多云,东风1级
2022-03-12,星期六,16,6,多云,西风1级
2022-03-13,星期日,13,2,多云,东南风2级
2022-03-14,星期一,19,5,多云,西风1级
2022-03-15,星期二,20,5,晴,东北风2级
2022-03-16,星期三,13,2,多云,南风2级
2022-03-17,星期四,2,-3,多云,东风1级
2022-03-18,星期五,4,-2,小雪,西南风1级
2022-03-19,星期六,6,-3,多云,南风1级
2022-03-20,星期日,11,1,多云,西北风1级
2022-03-21,星期一,11,-1,晴,东风1级
2022-03-22,星期二,10,0,小雨,南风2级
2022-03-23,星期三,13,2,晴,东北风1级
2022-03-24,星期四,14,6,多云,北风1级
2022-03-25,星期五,14,2,多云,东北风3级
2022-03-26,星期六,20,0,晴,西北风3级
2022-03-27,星期日,14,3,晴,西南风1级
2022-03-28,星期一,17,8,多云,南风3级
2022-03-29,星期二,15,8,多云,东北风2级
2022-03-30,星期三,10,1,多云,西风2级
2022-03-31,星期四,16,1,晴,东北风2级
2022-04-01,星期五,15,3,多云,西南风 1级
2022-04-02,星期六,20,6,晴,北风 1级
2022-04-03,星期日,22,8,晴,西南风 2级
2022-04-04,星期一,23,10,晴,西南风 1级
2022-04-05,星期二,25,7,晴,北风 2级
2022-04-06,星期三,13,3,晴,南风 2级
2022-04-07,星期四,24,9,晴,西南风 1级
2022-04-08,星期五,27,13,晴,西南风 1级
2022-04-09,星期六,28,12,晴,东南风 2级
2022-04-10,星期日,30,16,多云,西北风 1级
2022-04-11,星期一,28,14,多云,北风2级
2022-04-12,星期二,20,8,多云,南风2级
2022-04-13,星期三,19,7,阴,南风3级
2022-04-14,星期四,20,8,晴,东北风3级
2022-04-15,星期五,20,6,多云,西风2级
2022-04-16,星期六,23,10,晴,南风2级
2022-04-17,星期日,20,12,多云,西南风2级
2022-04-18,星期一,22,9,晴,西风1级
2022-04-19,星期二,27,12,晴,西南风1级
2022-04-20,星期三,29,17,多云,西南风3级
2022-04-21,星期四,29,11,多云,东北风2级
2022-04-22,星期五,22,12,晴,西南风1级
2022-04-23,星期六,29,15,多云,西南风1级
2022-04-24,星期日,27,14,多云,东北风1级
2022-04-25,星期一,29,18,晴,西北风1级
2022-04-26,星期二,24,12,晴,东北风3级
2022-04-27,星期三,16,9,小雨,东北风2级
2022-04-28,星期四,16,6,晴,南风2级
2022-04-29,星期五,21,13,多云,北风1级
2022-04-30,星期六,21,8,晴,西风2级
2022-05-01,星期日,26,11,晴,东风 2级
2022-05-02,星期一,25,14,多云,南风 1级
2022-05-03,星期二,32,17,晴,西南风 3级
2022-05-04,星期三,33,21,多云,南风 2级
2022-05-05,星期四,30,16,多云,南风 2级
2022-05-06,星期五,21,8,多云,东北风 1级
2022-05-07,星期六,18,9,多云,西南风 1级
2022-05-08,星期日,15,9,多云,西南风 1级
2022-05-09,星期一,18,7,晴,西南风 2级
2022-05-10,星期二,20,10,多云,北风 1级
2022-05-11,星期三,20,11,多云,西南风3级
2022-05-12,星期四,17,8,多云,西南风2级
2022-05-13,星期五,22,9,多云,北风2级
2022-05-14,星期六,24,10,晴,东北风2级
2022-05-15,星期日,25,10,晴,西风1级
2022-05-16,星期一,28,14,多云,南风1级
2022-05-17,星期二,29,16,晴,东风1级
2022-05-18,星期三,29,17,多云,西南风1级
2022-05-19,星期四,30,17,多云,西南风2级
2022-05-20,星期五,31,17,多云,西南风1级
2022-05-21,星期六,34,19,晴,西北风2级
2022-05-22,星期日,33,20,多云,东风1级
2022-05-23,星期一,32,20,晴,西南风2级
2022-05-24,星期二,33,20,多云,西南风1级
2022-05-25,星期三,29,16,多云,西南风2级
2022-05-26,星期四,33,17,晴,北风3级
2022-05-27,星期五,34,21,多云,西南风2级
2022-05-28,星期六,36,25,多云,西南风2级
2022-05-29,星期日,30,14,晴,北风2级
2022-05-30,星期一,33,15,晴,东北风2级
2022-05-31,星期二,32,15,晴,北风1级
2022-06-01,星期三,34,19,晴,西风 2级
2022-06-02,星期四,35,21,多云,南风 2级
2022-06-03,星期五,36,22,多云,东北风 2级
2022-06-04,星期六,32,20,多云,西北风 1级
2022-06-05,星期日,36,20,多云,西北风 2级
2022-06-06,星期一,30,16,晴,东北风 1级
2022-06-07,星期二,27,17,多云,东风 4级
2022-06-08,星期三,26,16,多云,东风 2级
2022-06-09,星期四,29,18,多云,东风 1级
2022-06-10,星期五,27,20,多云,东风 1级
2022-06-11,星期六,28,19,小雨到大雨,东北风2级
2022-06-12,星期日,29,17,多云,西南风2级
2022-06-13,星期一,27,17,多云,东北风2级
2022-06-14,星期二,34,22,晴,南风1级
2022-06-15,星期三,28,19,多云,西风2级
2022-06-16,星期四,31,21,晴,东北风2级
2022-06-17,星期五,32,21,多云,东风3级
2022-06-18,星期六,33,21,多云,东风2级
2022-06-19,星期日,34,22,多云,东南风2级
2022-06-20,星期一,37,25,多云,西南风1级
2022-06-21,星期二,39,26,多云,北风1级
2022-06-22,星期三,29,22,小雨,东北风1级
2022-06-23,星期四,35,22,多云,南风2级
2022-06-24,星期五,37,24,晴,北风1级
2022-06-25,星期六,40,27,多云,东风1级
2022-06-26,星期日,32,25,多云,东北风2级
2022-06-27,星期一,28,23,小雨,北风1级
2022-06-28,星期二,28,21,多云,西北风2级
2022-06-29,星期三,28,21,多云,北风1级
2022-06-30,星期四,29,22,多云,西北风1级
2022-07-01,星期五,31,22,多云,东北风 1级
2022-07-02,星期六,31,24,多云,西南风 2级
2022-07-03,星期日,28,23,小雨,西风 1级
2022-07-04,星期一,30,24,多云,东风 1级
2022-07-05,星期二,31,23,大雨,东南风 2级
2022-07-06,星期三,31,20,晴,东风 1级
2022-07-07,星期四,34,25,晴,西南风 1级
2022-07-08,星期五,34,24,多云,西北风 1级
2022-07-09,星期六,30,26,小雨,西北风 1级
2022-07-10,星期日,29,20,晴,南风 1级
2022-07-11,星期一,28,23,阴,西风1级
2022-07-12,星期二,27,21,阴,东北风2级
2022-07-13,星期三,32,23,晴,西南风1级
2022-07-14,星期四,32,21,多云,西南风1级
2022-07-15,星期五,34,25,多云,东风1级
2022-07-16,星期六,33,25,多云,西南风1级
2022-07-17,星期日,36,23,多云,东北风1级
2022-07-18,星期一,34,22,多云,西南风1级
2022-07-19,星期二,33,24,多云,西南风1级
2022-07-20,星期三,32,20,晴,南风3级
2022-07-21,星期四,33,23,多云,东风1级
2022-07-22,星期五,32,22,小雨,西南风2级
2022-07-23,星期六,33,21,晴,西南风3级
2022-07-24,星期日,34,25,晴,西南风2级
2022-07-25,星期一,34,24,多云,西南风1级
2022-07-26,星期二,29,23,多云,东风2级
2022-07-27,星期三,30,21,阴,北风2级
2022-07-28,星期四,28,19,晴,东风1级
2022-07-29,星期五,31,23,晴,西南风2级
2022-07-30,星期六,32,23,多云,东南风1级
2022-07-31,星期日,32,24,晴,西南风1级
2022-08-01,星期一,34,25,晴,西风 1级
2022-08-02,星期二,33,26,小雨,西南风 1级
2022-08-03,星期三,35,27,多云,南风 1级
2022-08-04,星期四,34,26,多云,西南风 1级
2022-08-05,星期五,35,27,晴,西南风 1级
2022-08-06,星期六,33,25,多云,北风 1级
2022-08-07,星期日,32,25,多云,西南风 2级
2022-08-08,星期一,27,21,多云,西北风 1级
2022-08-09,星期二,22,18,多云,西南风 1级
2022-08-10,星期三,29,19,多云,西南风 1级
2022-08-11,星期四,31,23,晴,南风1级
2022-08-12,星期五,31,26,雾,东北风2级
2022-08-13,星期六,31,24,小雨,东南风1级
2022-08-14,星期日,29,25,雷阵雨,东北风1级
2022-08-15,星期一,33,20,多云,南风2级
2022-08-16,星期二,31,22,晴,南风1级
2022-08-17,星期三,31,24,多云,南风2级
2022-08-18,星期四,27,24,雷阵雨,西南风1级
2022-08-19,星期五,32,21,多云,东北风2级
2022-08-20,星期六,30,23,多云,西南风2级
2022-08-21,星期日,30,25,多云,东南风1级
2022-08-22,星期一,33,18,多云,东北风2级
2022-08-23,星期二,28,20,多云,西南风2级
2022-08-24,星期三,26,19,多云,西南风2级
2022-08-25,星期四,31,19,晴,西南风1级
2022-08-26,星期五,26,15,多云,北风1级
2022-08-27,星期六,27,18,晴,西风1级
2022-08-28,星期日,21,15,小雨,西风2级
2022-08-29,星期一,20,17,多云,西南风1级
2022-08-30,星期二,26,19,多云,西风1级
2022-08-31,星期三,29,18,晴,西风1级
2022-09-01,星期四,27,18,晴,西南风 2级
2022-09-02,星期五,27,17,晴,西南风 1级
2022-09-03,星期六,26,19,多云,西南风 1级
2022-09-04,星期日,28,19,多云,西南风 2级
2022-09-05,星期一,28,14,晴,西风 1级
2022-09-06,星期二,30,16,晴,西北风 1级
2022-09-07,星期三,31,16,晴,西南风 1级
2022-09-08,星期四,30,19,晴,西南风 1级
2022-09-09,星期五,31,19,晴,西风 1级
2022-09-10,星期六,31,19,多云,东北风 1级
2022-09-11,星期日,28,17,多云,西南风2级
2022-09-12,星期一,30,17,晴,西风2级
2022-09-13,星期二,30,18,晴,东风2级
2022-09-14,星期三,29,17,晴,东北风2级
2022-09-15,星期四,29,17,晴,北风2级
2022-09-16,星期五,30,20,晴,南风2级
2022-09-17,星期六,30,19,多云,西风2级
2022-09-18,星期日,29,17,晴,西南风1级
2022-09-19,星期一,25,14,多云,东北风2级
2022-09-20,星期二,25,12,晴,西南风1级
2022-09-21,星期三,26,16,多云,西南风2级
2022-09-22,星期四,27,11,晴,西北风4级
2022-09-23,星期五,25,10,晴,西风1级
2022-09-24,星期六,26,11,多云,西南风2级
2022-09-25,星期日,26,13,多云,南风2级
2022-09-26,星期一,28,15,多云,西南风1级
2022-09-27,星期二,29,16,多云,西风1级
2022-09-28,星期三,27,16,多云,西南风2级
2022-09-29,星期四,29,18,晴,西南风1级
2022-09-30,星期五,30,19,晴,西南风1级
2022-10-01,星期六,22,19,小雨,西南风 2级
2022-10-02,星期日,19,17,小雨,北风 1级
2022-10-03,星期一,20,7,小雨,东北风 3级
2022-10-04,星期二,16,3,晴,西南风 1级
2022-10-05,星期三,15,6,多云,西南风 1级
2022-10-06,星期四,18,5,多云,西南风 1级
2022-10-07,星期五,19,10,晴,西南风 1级
2022-10-08,星期六,12,7,多云,西北风 1级
2022-10-09,星期日,15,4,晴,北风 1级
2022-10-10,星期一,18,3,晴,西南风 1级
2022-10-11,星期二,20,6,晴,西南风2级
2022-10-12,星期三,19,8,多云,西南风2级
2022-10-13,星期四,18,11,小雨,西南风1级
2022-10-14,星期五,21,10,多云,西风3级
2022-10-15,星期六,24,13,雾,西南风1级
2022-10-16,星期日,19,5,晴,北风3级
2022-10-17,星期一,17,2,晴,西风1级
2022-10-18,星期二,19,3,晴,西南风1级
2022-10-19,星期三,20,8,晴,西南风1级
2022-10-20,星期四,18,7,多云,西南风2级
2022-10-21,星期五,22,10,晴,西南风1级
2022-10-22,星期六,22,5,晴,北风1级
2022-10-23,星期日,22,5,晴,西南风1级
2022-10-24,星期一,21,7,晴,西北风1级
2022-10-25,星期二,19,10,多云,西南风2级
2022-10-26,星期三,19,10,多云,东北风3级
2022-10-27,星期四,12,9,多云,西南风1级
2022-10-28,星期五,12,9,多云,东南风2级
2022-10-29,星期六,14,8,多云,西南风2级
2022-10-30,星期日,15,8,多云,西南风2级
2022-10-31,星期一,18,2,雾,东风1级
2022-11-01,星期二,15,9,晴,东南风 2级
2022-11-02,星期三,16,3,多云,东南风 2级
2022-11-03,星期四,12,0,晴,北风 2级
2022-11-04,星期五,13,0,晴,南风 1级
2022-11-05,星期六,15,4,雾,西风 1级
2022-11-06,星期日,9,3,小雨,西北风 2级
2022-11-07,星期一,18,1,雾,东北风 1级
2022-11-08,星期二,16,4,晴,西南风 1级
2022-11-09,星期三,12,6,多云,东北风 2级
2022-11-10,星期四,17,10,晴,东北风 1级
2022-11-11,星期五,12,10,小雨,东风1级
2022-11-12,星期六,12,0,多云,北风3级
2022-11-13,星期日,8,-1,晴,南风1级
2022-11-14,星期一,12,-1,晴,东风1级
2022-11-15,星期二,16,0,晴,西南风1级
2022-11-16,星期三,14,0,多云,西南风1级
2022-11-17,星期四,15,4,晴,北风1级
2022-11-18,星期五,11,3,多云,北风2级
2022-11-19,星期六,14,3,多云,东南风1级
2022-11-20,星期日,9,3,雾,东北风2级
2022-11-21,星期一,13,2,雾,西南风1级
2022-11-22,星期二,12,0,多云,南风2级
2022-11-23,星期三,12,2,多云,东北风1级
2022-11-24,星期四,10,2,雾,东北风1级
2022-11-25,星期五,15,-4,雾,北风3级
2022-11-26,星期六,4,-2,多云,南风2级
2022-11-27,星期日,8,1,多云,东风1级
2022-11-28,星期一,11,-5,多云,北风4级
2022-11-29,星期二,-3,-11,多云,东北风2级
2022-11-30,星期三,-1,-11,晴,西北风1级
2022-12-01,星期四,1,-10,晴,西南风 2级
2022-12-02,星期五,0,-9,多云,东北风 1级
2022-12-03,星期六,3,-10,多云,西风 2级
2022-12-04,星期日,1,-10,多云,西风 1级
2022-12-05,星期一,3,-10,多云,南风 1级
2022-12-06,星期二,6,-8,晴,西风 1级
2022-12-07,星期三,7,-6,晴,北风 1级
2022-12-08,星期四,8,-6,晴,西南风 1级
2022-12-09,星期五,7,-6,多云,西南风 1级
2022-12-10,星期六,5,-8,晴,西风 2级
2022-12-11,星期日,4,-5,晴,西南风2级
2022-12-12,星期一,3,-8,多云,东风1级
2022-12-13,星期二,-1,-11,多云,东风1级
2022-12-14,星期三,0,-8,多云,东北风1级
2022-12-15,星期四,0,-12,多云,东北风2级
2022-12-16,星期五,-1,-16,晴,西北风2级
2022-12-17,星期六,-1,-12,多云,东南风2级
2022-12-18,星期日,0,-11,多云,东风1级
2022-12-19,星期一,3,-8,晴,南风1级
2022-12-20,星期二,2,-10,多云,北风1级
2022-12-21,星期三,0,-10,多云,西北风1级
2022-12-22,星期四,0,-11,晴,东北风1级
2022-12-23,星期五,0,-11,晴,西风2级
2022-12-24,星期六,2,-9,晴,西南风1级
2022-12-25,星期日,1,-9,多云,西风1级
2022-12-26,星期一,3,-9,晴,西南风1级
2022-12-27,星期二,2,-10,晴,东南风1级
2022-12-28,星期三,3,-10,晴,东南风1级
2022-12-29,星期四,3,-10,晴,西南风1级
2022-12-30,星期五,4,-10,晴,西风1级
2022-12-31,星期六,7,-8,晴,西风1级
2023-01-01,星期日,4,-8,晴,西北风 1级
2023-01-02,星期一,2,-9,多云,东风 1级
2023-01-03,星期二,3,-9,晴,东北风 1级
2023-01-04,星期三,5,-9,晴,南风 1级
2023-01-05,星期四,5,-8,多云,西南风 1级
2023-01-06,星期五,10,-6,多云,东北风 1级
2023-01-07,星期六,6,-6,多云,北风 2级
2023-01-08,星期日,11,-4,晴,东北风 1级
2023-01-09,星期一,8,-6,晴,西南风 1级
2023-01-10,星期二,7,-5,晴,西南风 1级
2023-01-11,星期三,2,-5,多云,北风1级
2023-01-12,星期四,3,-2,雨夹雪,北风2级
2023-01-13,星期五,6,-7,多云,东风2级
2023-01-14,星期六,-1,-11,阴,北风3级
2023-01-15,星期日,0,-13,晴,南风1级
2023-01-16,星期一,1,-10,晴,东南风1级
2023-01-17,星期二,3,-10,晴,西南风2级
2023-01-18,星期三,4,-8,晴,西风1级
2023-01-19,星期四,5,-12,晴,北风2级
2023-01-20,星期五,0,-10,晴,西南风1级
2023-01-21,星期六,1,-5,晴,西北风0级
2023-01-22,星期日,4,-10,多云,东南风1级
2023-01-23,星期一,-2,-16,雾,西北风3级
2023-01-24,星期二,-4,-15,晴,西南风1级
2023-01-25,星期三,-3,-11,晴,东北风1级
2023-01-26,星期四,2,-12,多云,东北风2级
2023-01-27,星期五,3,-11,晴,西南风1级
2023-01-28,星期六,6,-7,晴,西南风1级
2023-01-29,星期日,10,-7,晴,西风1级
2023-01-30,星期一,8,-7,晴,东南风1级
2023-01-31,星期二,13,-5,晴,北风4级
2023-02-01,星期三,5,-6,多云,西风 1级
2023-02-02,星期四,2,-8,多云,东风 1级
2023-02-03,星期五,6,-8,多云,东南风 1级
2023-02-04,星期六,9,-6,晴,西南风 1级
2023-02-05,星期日,7,-3,多云,东北风 1级
2023-02-06,星期一,8,-6,多云,南风 1级
2023-02-07,星期二,6,-6,多云,北风 2级
2023-02-08,星期三,7,-3,晴,南风 1级
2023-02-09,星期四,1,-6,多云,西北风 1级
2023-02-10,星期五,1,-4,雾,南风 1级
2023-02-11,星期六,3,-2,雾,东北风1级
2023-02-12,星期日,2,-5,大雪,东风1级
2023-02-13,星期一,6,-6,晴,东北风1级
2023-02-14,星期二,5,-6,多云,南风1级
2023-02-15,星期三,3,-7,多云,西南风2级
2023-02-16,星期四,7,-4,晴,东南风1级
2023-02-17,星期五,5,-1,多云,东北风1级
2023-02-18,星期六,6,-6,雾,北风2级
2023-02-19,星期日,12,-5,晴,东北风1级
2023-02-20,星期一,7,-5,晴,北风1级
2023-02-21,星期二,6,-4,多云,西南风1级
2023-02-22,星期三,9,-2,多云,西北风1级
2023-02-23,星期四,10,-1,多云,东风1级
2023-02-24,星期五,8,-7,多云,东风2级
2023-02-25,星期六,9,-5,晴,西南风1级
2023-02-26,星期日,10,-1,多云,北风1级
2023-02-27,星期一,11,1,多云,西南风1级
2023-02-28,星期二,16,-2,多云,东风2级
2023-03-01,星期三,11,-5,晴,南风 2级
2023-03-02,星期四,15,-1,晴,西南风 1级
2023-03-03,星期五,20,-1,晴,西风 1级
2023-03-04,星期六,17,2,多云~晴,北风 2级
2023-03-05,星期日,10,3,雾~晴,东北风 1级
2023-03-06,星期一,21,5,多云~晴,西南风 1级
2023-03-07,星期二,22,9,多云~晴,东北风 3级
2023-03-08,星期三,19,4,多云~晴,西南风 2级
2023-03-09,星期四,22,8,多云~晴,东北风 1级
2023-03-10,星期五,26,9,多云,北风 3级
2023-03-11,星期六,14,1,多云,西风3级
2023-03-12,星期日,11,2,晴,西南风3级
2023-03-13,星期一,14,4,多云,东北风1级
2023-03-14,星期二,21,1,晴,北风3级
2023-03-15,星期三,12,0,晴,东风2级
2023-03-16,星期四,11,2,多云,东南风2级
2023-03-17,星期五,10,1,多云~阴,西北风1级
2023-03-18,星期六,17,3,雾~多云,南风1级
2023-03-19,星期日,13,5,多云~阴,南风1级
2023-03-20,星期一,15,8,雾~多云,西南风2级
2023-03-21,星期二,18,9,多云~阴,西风2级
2023-03-22,星期三,17,6,多云,东风2级
2023-03-23,星期四,13,3,多云,西风1级
2023-03-24,星期五,13,5,多云,北风1级
2023-03-25,星期六,13,0,多云~晴,西风2级
2023-03-26,星期日,16,4,晴,西南风2级
2023-03-27,星期一,20,5,晴,南风2级
2023-03-28,星期二,21,8,多云,南风1级
2023-03-29,星期三,24,9,多云~晴,西南风2级
2023-03-30,星期四,24,11,雾~晴,南风2级
2023-03-31,星期五,22,11,雾~多云,南风1级
2023-04-01,星期六,21,12,多云,西南风 3级
2023-04-02,星期日,18,13,多云~阴,西南风 2级
2023-04-03,星期一,17,11,多云~小雨,东北风 4级
2023-04-04,星期二,13,7,中雨~阴,东北风 4级
2023-04-05,星期三,16,9,多云~小雨,西南风 1级
2023-04-06,星期四,18,5,多云~晴,西北风 3级
2023-04-07,星期五,17,5,晴,西北风 3级
2023-04-08,星期六,21,8,晴~阴,西南风 3级
2023-04-09,星期日,21,11,多云,西南风 3级
2023-04-10,星期一,28,10,雾~多云,西南风 4级
2023-04-11,星期二,18,5,多云~晴,东北风2级
2023-04-12,星期三,21,12,多云,西南风3级
2023-04-13,星期四,22,12,雾~多云,南风1级
2023-04-14,星期五,22,8,多云,北风2级
2023-04-15,星期六,20,7,多云,东北风1级
2023-04-16,星期日,21,10,多云,西南风2级
2023-04-17,星期一,21,9,多云,东北风3级
2023-04-18,星期二,26,9,多云~晴,东南风1级
2023-04-19,星期三,25,17,多云~阴,西南风3级
2023-04-20,星期四,19,10,多云~小雨,东北风5级
2023-04-21,星期五,12,7,小雨,西南风3级
2023-04-22,星期六,12,7,多云,南风2级
2023-04-23,星期日,15,6,多云~阴,东南风2级
2023-04-24,星期一,15,9,多云~阴,西南风4级
2023-04-25,星期二,21,5,多云~晴,西北风3级
2023-04-26,星期三,19,11,晴,西南风3级
2023-04-27,星期四,20,12,多云,北风1级
2023-04-28,星期五,20,9,阴~小雨,西南风3级
2023-04-29,星期六,25,10,多云,西风3级
2023-04-30,星期日,23,11,多云~晴,东南风2级
2023-05-01,星期一,26,16,多云~小雨,东南风 2级
2023-05-02,星期二,27,15,多云~晴,南风 1级
2023-05-03,星期三,28,16,多云~阴,北风 2级
2023-05-04,星期四,19,15,小雨,北风 2级
2023-05-05,星期五,21,15,多云~阴,北风 2级
2023-05-06,星期六,24,11,多云,西南风 1级
2023-05-07,星期日,26,12,多云~晴,南风 1级
2023-05-08,星期一,27,15,多云~晴,西南风 2级
2023-05-09,星期二,27,15,多云,南风 2级
2023-05-10,星期三,27,15,多云~晴,南风 2级
2023-05-11,星期四,27,14,多云~晴,西南风1级
2023-05-12,星期五,25,15,小雨~多云,西南风1级
2023-05-13,星期六,28,15,多云~晴,西南风2级
2023-05-14,星期日,29,16,晴~多云,西北风2级
2023-05-15,星期一,33,21,多云,南风1级
2023-05-16,星期二,33,19,多云~雷阵雨,东风2级
2023-05-17,星期三,27,15,多云,东北风1级
2023-05-18,星期四,27,16,晴~雷阵雨,东南风1级
2023-05-19,星期五,22,15,小雨~雷阵雨,东北风2级
2023-05-20,星期六,26,15,多云~晴,北风2级
2023-05-21,星期日,26,13,多云,南风1级
2023-05-22,星期一,29,14,晴,南风1级
2023-05-23,星期二,29,18,多云,南风2级
2023-05-24,星期三,27,18,多云,南风2级
2023-05-25,星期四,25,16,小雨~多云,南风1级
2023-05-26,星期五,28,20,多云~阴,南风1级
2023-05-27,星期六,21,15,小雨~多云,东南风1级
2023-05-28,星期日,27,17,雾~多云,南风1级
2023-05-29,星期一,31,19,多云~雷阵雨,北风1级
2023-05-30,星期二,25,16,多云~阴,南风1级
2023-05-31,星期三,26,16,多云~晴,西南风1级
2023-06-01,星期四,33,19,多云~晴,北风 3级
2023-06-02,星期五,30,17,多云~晴,西风 1级
2023-06-03,星期六,32,19,多云~晴,南风 1级
2023-06-04,星期日,32,19,多云,西南风 2级
2023-06-05,星期一,35,20,晴,南风 2级
2023-06-06,星期二,35,22,晴,北风 1级
2023-06-07,星期三,38,18,阴~多云,北风 2级
2023-06-08,星期四,34,17,多云~晴,西南风 1级
2023-06-09,星期五,33,18,晴~多云,东北风 1级
2023-06-10,星期六,31,17,多云~晴,北风 1级
2023-06-11,星期日,29,17,多云~阴,东北风2级
2023-06-12,星期一,30,18,多云,东风2级
2023-06-13,星期二,33,18,晴,南风1级
2023-06-14,星期三,36,20,多云~晴,东南风1级
2023-06-15,星期四,38,23,晴,北风1级
2023-06-16,星期五,39,25,多云~晴,西南风1级
2023-06-17,星期六,37,23,多云~晴,东北风2级
2023-06-18,星期日,34,24,多云,东风2级
2023-06-19,星期一,27,20,小雨~多云,东南风2级
2023-06-20,星期二,34,21,多云~晴,西南风1级
2023-06-21,星期三,38,20,多云~晴,西风1级
2023-06-22,星期四,41,25,多云~晴,西南风1级
2023-06-23,星期五,40,26,多云~晴,南风1级
2023-06-24,星期六,40,25,多云~阴,东南风2级
2023-06-25,星期日,35,23,多云,东风2级
2023-06-26,星期一,32,23,多云,西风1级
2023-06-27,星期二,36,20,阴,南风1级
2023-06-28,星期三,27,20,晴,西风1级
2023-06-29,星期四,35,19,晴,西南风1级
2023-06-30,星期五,38,21,多云,西南风1级
2023-07-01,星期六,39,25,多云,南风 2级
2023-07-02,星期日,38,25,多云,北风 2级
2023-07-03,星期一,32,22,多云~大雨,东风 1级
2023-07-04,星期二,31,22,小雨~晴,西南风 2级
2023-07-05,星期三,40,22,晴,北风 1级
2023-07-06,星期四,39,24,晴,西风 1级
2023-07-07,星期五,38,24,多云,东风 1级
2023-07-08,星期六,37,25,晴,北风 2级
2023-07-09,星期日,37,25,晴~多云,西南风 1级
2023-07-10,星期一,39,26,多云,东南风 1级
2023-07-11,星期二,34,25,多云~雷阵雨,东风2级
2023-07-12,星期三,27,24,雷阵雨,东北风2级
2023-07-13,星期四,24,22,小雨~阴,西南风1级
2023-07-14,星期五,36,24,雾~多云,西北风3级
2023-07-15,星期六,33,21,阴~多云,西南风1级
2023-07-16,星期日,35,22,晴,西风1级
2023-07-17,星期一,35,23,多云~晴,西南风1级
2023-07-18,星期二,36,24,多云~晴,南风1级
2023-07-19,星期三,36,24,多云~晴,南风1级
2023-07-20,星期四,35,24,阴~中雨,东风1级
2023-07-21,星期五,27,22,小雨~雷阵雨,北风2级
2023-07-22,星期六,27,21,中雨~雷阵雨,西南风1级
2023-07-23,星期日,33,23,阴~晴,西南风1级
2023-07-24,星期一,34,23,多云~中雨,西风3级
2023-07-25,星期二,35,25,多云,南风1级
2023-07-26,星期三,35,25,阴,北风2级
2023-07-27,星期四,34,24,多云~中雨,东北风2级
2023-07-28,星期五,30,23,阴~雷阵雨,东北风2级
2023-08-01,星期二,28,24,中雨~雷阵雨,西南风 2级
2023-08-02,星期三,31,26,多云,西南风 3级
2023-08-03,星期四,32,27,多云~阴,西南风 2级
2023-08-04,星期五,32,26,小雨~雷阵雨,东南风 1级
2023-08-05,星期六,34,25,阴~雷阵雨,东风 2级
2023-08-06,星期日,28,24,多云,南风 2级
2023-08-07,星期一,28,23,阴~多云,南风 2级
2023-08-08,星期二,31,25,阴~多云,西南风 1级
2023-08-09,星期三,33,25,多云~阴,东南风 2级
2023-08-10,星期四,33,25,多云,南风 2级
2023-08-11,星期五,30,24,阴~大暴雨,西南风1级
2023-08-12,星期六,32,23,阴~晴,东风2级
2023-08-13,星期日,33,23,多云~晴,西南风2级
2023-08-14,星期一,34,24,多云~晴,西南风2级
2023-08-15,星期二,34,25,多云~晴,西南风3级
2023-08-16,星期三,35,26,多云,西南风2级
2023-08-17,星期四,32,24,阴~雷阵雨,东南风1级
2023-08-18,星期五,36,23,阴~多云,西南风1级
2023-08-19,星期六,35,24,晴~多云,东南风1级
2023-08-20,星期日,32,22,小雨~雷阵雨,东南风1级
2023-08-21,星期一,30,19,阴~晴,西南风2级
2023-08-22,星期二,32,20,晴,东南风1级
2023-08-23,星期三,31,21,阴~中雨,东南风1级
2023-08-24,星期四,24,18,小雨~多云,东北风1级
2023-08-25,星期五,28,21,阴~雷阵雨,西南风1级
2023-08-26,星期六,27,19,大雨到暴风雨,东风2级
2023-08-27,星期日,20,18,小雨到大雨,西北风2级
2023-08-30,星期三,29,17,晴转小雨,西南风2级
2023-08-31,星期四,28,20,小雨转多云,东北风2级
2023-09-01,星期五,30,20,阴~多云,西南风 2级
2023-09-02,星期六,28,20,阴~中雨,西南风 2级
2023-09-03,星期日,30,21,阴~晴,东风 1级
2023-09-04,星期一,31,24,多云~晴,西南风 1级
2023-09-05,星期二,32,22,多云~晴,东南风 1级
2023-09-06,星期三,32,22,多云~晴,西南风 2级
2023-09-07,星期四,32,23,多云,西南风 3级
2023-09-08,星期五,27,22,阴~中雨,西南风 1级
2023-09-09,星期六,23,20,大雨~中雨,东风 2级
2023-09-10,星期日,25,19,阴~多云,西南风 2级
2023-09-11,星期一,29,19,阴,东风1级
2023-09-12,星期二,27,16,多云~晴,东北风2级
2023-09-13,星期三,28,17,晴,西南风2级
2023-09-14,星期四,29,16,多云~晴,西南风2级
2023-09-15,星期五,29,18,晴,西南风2级
2023-09-16,星期六,30,19,多云,西南风1级
2023-09-17,星期日,29,19,阴~雷阵雨,西南风2级
2023-09-18,星期一,30,20,阴~多云,东南风1级
2023-09-19,星期二,24,14,阴~多云,东北风2级
2023-09-20,星期三,27,15,多云~晴,西风微
2023-09-21,星期四,29,16,晴~多云,西南风2级
2023-09-22,星期五,28,18,阴~晴,东北风2级
2023-09-23,星期六,25,16,阴,东风2级
2023-09-24,星期日,21,13,小雨~多云,西北风1级
2023-09-25,星期一,22,15,阴~多云,西南风1级
2023-09-26,星期二,25,16,阴~多云,西南风2级
2023-09-27,星期三,26,13,阴~多云,西南风1级
2023-09-28,星期四,26,15,阴~多云,西南风1级
2023-09-29,星期五,27,13,多云~晴,东北风1级
2023-09-30,星期六,26,10,晴,西北风2级
2023-10-01,星期日,26,12,多云~晴,西南风 2级
2023-10-02,星期一,24,12,阴~多云,西南风 2级
2023-10-03,星期二,25,14,晴~多云,西南风 3级
2023-10-04,星期三,25,8,阴~晴,北风 4级
2023-10-05,星期四,22,12,阴~多云,西南风 2级
2023-10-06,星期五,22,11,阴~多云,东南风 1级
2023-10-07,星期六,22,11,阴~小雨,西南风 3级
2023-10-08,星期日,23,9,阴~多云,东风 1级
2023-10-09,星期一,24,10,晴,北风 2级
2023-10-10,星期二,23,10,多云~晴,西南风 1级
2023-10-11,星期三,23,11,晴~多云,西南风2级
2023-10-12,星期四,20,12,阴~小雨,西南风2级
2023-10-13,星期五,24,8,阴~晴,西北风1级
2023-10-14,星期六,24,9,晴,西南风1级
2023-10-15,星期日,23,7,晴,东北风3级
2023-10-16,星期一,21,8,晴,西南风1级
2023-10-17,星期二,22,12,晴~小雨,西南风2级
2023-10-18,星期三,24,11,雾~晴,西北风2级
2023-10-19,星期四,21,5,多云~晴,西北风4级
2023-10-20,星期五,18,5,晴,西南风2级
2023-10-21,星期六,22,5,晴,西南风2级
2023-10-22,星期日,23,7,晴~多云,东南风1级
2023-10-23,星期一,21,7,多云,西南风2级
2023-10-24,星期二,23,7,晴,西南风1级
2023-10-25,星期三,26,9,晴,东南风1级
2023-10-26,星期四,22,5,晴,东南风1级
2023-10-27,星期五,22,7,阴~晴,西南风1级
2023-10-28,星期六,21,9,晴,东北风2级
2023-10-29,星期日,20,9,晴,东北风1级
2023-10-30,星期一,23,9,多云,东北风2级
2023-10-31,星期二,20,9,多云,东南风1级
2023-11-01,星期三,21,11,多云,东南风 1级
2023-11-02,星期四,19,8,多云,东风 1级
2023-11-03,星期五,17,6,阴~晴,南风 2级
2023-11-04,星期六,16,9,多云~小雨,东南风 1级
2023-11-05,星期日,11,3,小雨~多云,东北风 2级
2023-11-06,星期一,10,-2,晴,西北风 3级
2023-11-07,星期二,12,0,晴~多云,西南风 2级
2023-11-08,星期三,14,4,多云,东风 1级
2023-11-09,星期四,9,-3,晴,北风 3级
2023-11-10,星期五,6,-3,阴~多云,东南风 1级
2023-11-11,星期六,7,-5,晴,东南风1级
2023-11-12,星期日,8,-5,晴,北风1级
2023-11-13,星期一,7,-4,阴~多云,西南风1级
2023-11-14,星期二,11,-2,多云~晴,西南风1级
2023-11-15,星期三,8,0,多云,西南风1级
2023-11-16,星期四,12,-4,阴~晴,西南风2级
2023-11-17,星期五,11,-4,晴,西风2级
2023-11-18,星期六,11,-3,晴,西南风2级
2023-11-19,星期日,17,-1,晴,南风1级
2023-11-20,星期一,15,0,多云~晴,西南风2级
2023-11-21,星期二,13,2,多云,东北风2级
2023-11-22,星期三,15,0,多云,西南风1级
2023-11-23,星期四,2,-9,晴,西北风5级
2023-11-24,星期五,1,-7,晴~多云,西南风2级
2023-11-25,星期六,2,-6,阴~晴,西南风2级
2023-11-26,星期日,2,-6,阴~多云,东南风1级
2023-11-27,星期一,10,-7,多云~晴,西北风2级
2023-11-28,星期二,4,-6,多云,西南风3级
2023-11-29,星期三,3,-8,晴,西北风2级
2023-11-30,星期四,2,-8,多云~晴,南风2级
2023-12-01,星期五,4,-7,晴,西南风 2级
2023-12-02,星期六,10,-5,阴~晴,南风 1级
2023-12-03,星期日,8,-5,晴,西南风 2级
2023-12-04,星期一,8,-5,多云~晴,东南风 1级
2023-12-05,星期二,8,-4,多云~晴,西南风 1级
2023-12-06,星期三,11,-4,晴,东南风 1级
2023-12-07,星期四,10,-3,多云~晴,东北风 2级
2023-12-08,星期五,12,1,多云~晴,东北风 1级
2023-12-09,星期六,8,-4,阴~多云,东风 2级
2023-12-10,星期日,0,-5,阴~小雪,东南风 2级
2023-12-11,星期一,-1,-7,雾~多云,西南风1级
2023-12-12,星期二,-1,-4,多云~阴,西南风2级
2023-12-13,星期三,-1,-5,大雪~小雪,东北风2级
2023-12-14,星期四,-3,-7,大雪~小雪,东风2级
2023-12-15,星期五,-3,-17,阴~晴,南风微
2023-12-16,星期六,-7,-19,晴,西南风1级
2023-12-17,星期日,-5,-16,多云,西南风1级
2023-12-18,星期一,-5,-14,阴~晴,西南风1级
2023-12-19,星期二,-4,-18,多云~晴,西北风2级
2023-12-20,星期三,-7,-18,晴,西南风1级
2023-12-21,星期四,-7,-17,晴,西南风2级
2023-12-22,星期五,-4,-15,多云,西南风2级
2023-12-23,星期六,-1,-13,多云~晴,西南风1级
2023-12-24,星期日,0,-13,阴~晴,西南风1级
2023-12-25,星期一,0,-12,雾~晴,西南风2级
2023-12-26,星期二,4,-9,雾~多云,东北风2级
2023-12-27,星期三,3,-12,多云~晴,西南风1级
2023-12-28,星期四,3,-9,多云~晴,西南风1级
2023-12-29,星期五,0,-7,多云,西南风1级
2023-12-30,星期六,0,-7,多云~晴,西北风1级
2023-12-31,星期日,5,-9,晴,东北风1级
2024-01-01,星期一,3,-9,多云~晴,西南风 2级
2024-01-02,星期二,6,-9,多云~晴,西南风 1级
2024-01-03,星期三,4,-9,晴,西南风 1级
2024-01-04,星期四,5,-9,晴,东北风 1级
2024-01-05,星期五,3,-7,晴~多云,西南风 2级
2024-01-06,星期六,2,-10,多云~晴,西北风 2级
2024-01-07,星期日,-1,-10,多云~晴,南风 1级
2024-01-08,星期一,0,-6,多云~阴,东北风 1级
2024-01-09,星期二,5,-10,阴~晴,东北风 1级
2024-01-10,星期三,2,-8,雾~晴,西南风 1级
2024-01-11,星期四,6,-8,雾~晴,西南风1级
2024-01-12,星期五,6,-6,多云~晴,西南风1级
2024-01-13,星期六,1,-7,雾~多云,东北风2级
2024-01-14,星期日,4,-11,晴,东北风1级
2024-01-15,星期一,3,-9,晴~多云,西南风1级
2024-01-16,星期二,2,-4,晴~阴,西南风2级
2024-01-17,星期三,0,-5,雾~多云,东北风1级
2024-01-18,星期四,1,-5,多云,南风1级
2024-01-19,星期五,0,-6,阴,东南风1级
2024-01-20,星期六,0,-10,阴~多云,西南风1级
2024-01-21,星期日,-2,-13,晴,北风3级
2024-01-22,星期一,-2,-14,晴~多云,西南风1级
2024-01-23,星期二,0,-11,晴,西南风1级
2024-01-24,星期三,3,-9,晴~多云,西南风1级
2024-01-25,星期四,5,-7,晴,西南风1级
2024-01-26,星期五,4,-6,晴~多云,东南风1级
2024-01-27,星期六,3,-8,阴~晴,东南风1级
2024-01-28,星期日,6,-7,雾~多云,东南风1级
2024-01-29,星期一,4,-5,晴~多云,东北风2级
2024-01-30,星期二,-1,-6,多云,东北风1级
2024-01-31,星期三,2,-7,雾~阴,东北风3级
2024-02-01,星期四,-1,-9,阴~多云,西南风 2级
2024-02-02,星期五,0,-8,雾~多云,西南风 1级
2024-02-03,星期六,3,-9,雾~多云,东南风 1级
2024-02-04,星期日,0,-6,多云~小雪,东南风 1级
2024-02-05,星期一,3,-7,多云~阴,西南风 2级
2024-02-06,星期二,4,-7,雾~晴,东南风 1级
2024-02-07,星期三,5,-7,晴,东南风 1级
2024-02-08,星期四,6,-6,雾~多云,东南风 1级
2024-02-09,星期五,8,-7,雾~多云,东北风 1级
2024-02-10,星期六,6,-4,晴~多云,西南风 1级
2024-02-11,星期日,12,-3,雾~晴,东北风1级
2024-02-12,星期一,12,-3,阴~晴,东南风1级
2024-02-13,星期二,14,-1,多云,东北风2级
2024-02-14,星期三,12,-3,雾~阴,东北风3级
2024-02-15,星期四,9,-5,晴,西南风1级
2024-02-16,星期五,9,-2,多云,西南风2级
2024-02-17,星期六,10,1,雾~多云,东北风1级
2024-02-18,星期日,9,-1,小雨~阴,东北风3级
2024-02-19,星期一,4,-5,阴,东北风3级
2024-02-20,星期二,-1,-6,小雪,东风2级
2024-02-21,星期三,-1,-7,阴~多云,南风2级
2024-02-22,星期四,3,-8,多云~晴,东北风微
2024-02-23,星期五,4,-4,多云,南风1级
2024-02-24,星期六,5,-6,阴~多云,西南风2级
2024-02-25,星期日,9,-4,雾~晴,东南风1级
2024-02-26,星期一,4,-4,多云,东南风2级
2024-02-27,星期二,6,-2,阴~多云,西南风3级
2024-02-28,星期三,6,-2,多云,东北风3级
2024-02-29,星期四,5,-8,多云~晴,东北风2级
2024-03-01,星期五,5,-4,晴,西南风 3级
2024-03-02,星期六,12,-3,晴,南风 1级
2024-03-03,星期日,10,-3,晴,东南风 2级
2024-03-04,星期一,7,2,阴~雨夹雪,东北风 3级
2024-03-05,星期二,3,-2,雨夹雪~阴,东北风 2级
2024-03-06,星期三,9,-2,雾~多云,东南风 1级
2024-03-07,星期四,12,-4,雾~晴,西北风 3级
2024-03-08,星期五,11,-3,晴,西南风 2级
2024-03-09,星期六,14,0,晴,西南风 3级
2024-03-10,星期日,13,1,阴~多云,西南风 1级
2024-03-11,星期一,17,-2,阴~多云,东北风3级
2024-03-12,星期二,15,1,晴,西南风2级
2024-03-13,星期三,20,3,多云~晴,南风1级
2024-03-14,星期四,21,4,晴,西南风3级
2024-03-15,星期五,21,10,多云,西南风3级
2024-03-16,星期六,20,5,小雨~晴,西北风3级
2024-03-17,星期日,14,3,多云~晴,西南风2级
2024-03-18,星期一,15,0,多云~晴,西北风1级
2024-03-19,星期二,18,-1,晴,西北风3级
2024-03-20,星期三,15,2,晴,西南风3级
2024-03-21,星期四,13,2,阴~小雨,东北风2级
2024-03-22,星期五,22,7,多云~晴,西北风2级
2024-03-23,星期六,22,10,阴,东北风1级
2024-03-24,星期日,13,6,阴~小雨,东北风2级
2024-03-25,星期一,16,7,雾~晴,西南风1级
2024-03-26,星期二,15,9,多云,西南风3级
2024-03-27,星期三,11,8,多云~阴,西南风1级
2024-03-28,星期四,17,5,多云,西北风2级
2024-03-29,星期五,21,7,多云~晴,西南风1级
2024-03-30,星期六,21,8,晴,西北风微
2024-03-31,星期日,21,7,晴,东北风2级
2024-04-01,星期一,14,9,多云~小雨,东风 3级
2024-04-02,星期二,18,12,阴~小雨,东北风 3级
2024-04-03,星期三,19,9,阴~多云,西南风 2级
2024-04-04,星期四,17,6,阴~多云,南风 2级
2024-04-05,星期五,20,11,多云~晴,西南风 1级
2024-04-06,星期六,26,12,多云,西南风 2级
2024-04-07,星期日,26,13,多云,西南风 2级
2024-04-08,星期一,20,9,多云~阴,东南风 3级
2024-04-09,星期二,16,8,多云~阵雨,西南风 3级
2024-04-10,星期三,14,4,小雨~阴,西风 1级
2024-04-11,星期四,23,12,多云,西南风2级
2024-04-12,星期五,25,14,多云~晴,西南风3级
2024-04-13,星期六,25,17,多云~阴,西南风3级
2024-04-14,星期日,21,9,多云,西南风2级
2024-04-15,星期一,23,11,多云~晴,西北风4级
2024-04-16,星期二,25,12,多云~晴,西南风2级
2024-04-17,星期三,26,14,晴,西南风2级
2024-04-18,星期四,29,14,多云,东风3级
2024-04-19,星期五,21,13,阴~多云,东北风4级
2024-04-20,星期六,23,10,多云~晴,东风1级
2024-04-21,星期日,24,12,晴,西南风2级
2024-04-22,星期一,25,14,阴~雷阵雨,南风1级
2024-04-23,星期二,23,7,阴~晴,北风3级
2024-04-24,星期三,25,11,晴,西南风3级
2024-04-25,星期四,26,16,多云~晴,南风1级
2024-04-26,星期五,26,16,多云~雷阵雨,西北风1级
2024-04-27,星期六,22,14,多云~雷阵雨,东风3级
2024-04-28,星期日,17,11,阴~小雨,东北风3级
2024-04-29,星期一,13,8,小雨~多云,东风1级
2024-04-30,星期二,24,11,多云~晴,西风1级
2024-05-01,星期三,26,11,阴~晴,西南风 2级
2024-05-02,星期四,26,13,晴,西南风 3级
2024-05-03,星期五,26,14,晴~多云,西南风 3级
2024-05-04,星期六,23,15,阴,南风 2级
2024-05-05,星期日,21,15,阴~小雨,东南风 1级
2024-05-06,星期一,26,14,多云,东风 2级
2024-05-07,星期二,27,13,多云~晴,西南风 1级
2024-05-08,星期三,29,18,晴,西南风 3级
2024-05-09,星期四,28,21,多云,东南风 2级
2024-05-10,星期五,27,14,小雨~多云,西风 2级
2024-05-11,星期六,27,12,晴,西北风4级
2024-05-12,星期日,28,12,晴,西北风3级
2024-05-13,星期一,31,19,晴,西南风3级
2024-05-14,星期二,33,12,多云,东北风4级
2024-05-15,星期三,26,15,晴~多云,西南风2级
2024-05-16,星期四,28,15,阴~多云,西南风2级
2024-05-17,星期五,32,19,晴,东北风2级
2024-05-18,星期六,31,21,多云~阴,东南风2级
2024-05-19,星期日,24,15,阴~雷阵雨,东北风3级
2024-05-20,星期一,25,17,晴~多云,西南风3级
2024-05-21,星期二,27,16,晴,东南风2级
2024-05-22,星期三,31,22,多云,西南风3级
2024-05-23,星期四,31,19,多云~雷阵雨,东北风3级
2024-05-24,星期五,19,18,阴~阵雨,东北风2级
2024-05-25,星期六,21,14,中雨~阴,东北风2级
2024-05-26,星期日,29,15,多云~晴,西北风4级
2024-05-27,星期一,29,16,晴,东风2级
2024-05-28,星期二,30,20,阴~多云,西南风2级
2024-05-29,星期三,32,20,阴~多云,西南风4级
2024-05-30,星期四,32,19,小雨~多云,西风2级
2024-05-31,星期五,29,15,晴,北风3级
2024-06-01,星期六,32,19,多云,南风 2级
2024-06-02,星期日,31,19,阴~多云,东北风 3级
2024-06-03,星期一,32,20,多云,东南风 1级
2024-06-04,星期二,32,22,阴,南风 2级
2024-06-05,星期三,28,19,阴,西南风 3级
2024-06-06,星期四,29,21,阴,西南风 3级
2024-06-07,星期五,21,15,大雨~晴,北风 1级
2024-06-08,星期六,32,21,多云,西南风 1级
2024-06-09,星期日,36,19,多云,东风 2级
2024-06-10,星期一,34,20,多云,西北风 1级
2024-06-11,星期二,39,21,阴~多云,西南风2级
2024-06-12,星期三,38,22,阴~多云,北风1级
2024-06-13,星期四,34,22,阴~中雨,北风1级
2024-06-14,星期五,34,22,多云,东北风2级
2024-06-15,星期六,32,19,多云,东北风3级
2024-06-16,星期日,34,21,晴,东南风1级
2024-06-17,星期一,37,22,多云~晴,西南风3级
2024-06-18,星期二,37,24,多云,西南风3级
2024-06-19,星期三,36,23,阴~多云,南风3级
2024-06-20,星期四,35,23,多云,东北风2级
2024-06-21,星期五,24,22,暴雨~阴,东北风1级
2024-06-22,星期六,36,21,晴,西风3级
2024-06-23,星期日,31,20,多云,西北风4级
2024-06-24,星期一,32,20,晴,东北风2级
2024-06-25,星期二,35,20,晴,东北风3级
2024-06-26,星期三,36,22,多云~晴,南风3级
2024-06-27,星期四,35,22,多云~晴,西南风4级
2024-06-28,星期五,35,23,阴~晴,西南风3级
2024-06-29,星期六,33,22,中雨~雷阵雨,东风1级
2024-06-30,星期日,31,22,小雨~中雨,东北风1级
2024-07-01,星期一,28,22,阴~雷阵雨,东北风 1级
2024-07-02,星期二,23,18,小雨~多云,东北风 2级
2024-07-03,星期三,28,21,雾~雷阵雨,西南风 2级
2024-07-04,星期四,30,21,多云,东南风 2级
2024-07-05,星期五,31,22,小雨~雷阵雨,东南风 1级
2024-07-06,星期六,33,23,雾~多云,西南风 2级
2024-07-07,星期日,32,22,阴~多云,东风 2级
2024-07-08,星期一,33,23,阴~多云,东北风 2级
2024-07-09,星期二,32,23,阴~多云,东南风 2级
2024-07-10,星期三,33,24,阴~多云,西南风 2级
2024-07-11,星期四,34,25,多云,西南风2级
2024-07-12,星期五,31,22,暴雨~大雨,西南风1级
2024-07-13,星期六,26,22,多云~阴,东北风2级
2024-07-14,星期日,29,22,多云,东风2级
2024-07-15,星期一,28,23,多云~雷阵雨,西北风1级
2024-07-16,星期二,30,22,多云,东南风1级
2024-07-17,星期三,35,22,多云~晴,西南风1级
2024-07-18,星期四,36,25,晴~多云,西北风2级
2024-07-19,星期五,36,25,阴~雷阵雨,西南风3级
2024-07-20,星期六,35,26,多云~晴,西南风3级
2024-07-21,星期日,34,27,阴~中雨,西南风2级
2024-07-22,星期一,33,26,阴~多云,东北风1级
2024-07-23,星期二,35,28,雾~多云,西南风2级
2024-07-24,星期三,35,25,阴~暴雨,东南风1级
2024-07-25,星期四,26,24,中雨~阴,东南风1级
2024-07-26,星期五,32,24,阴~多云,东北风1级
2024-07-27,星期六,34,25,雾~多云,东北风2级
2024-07-28,星期日,34,26,阴~多云,西风1级
2024-07-29,星期一,34,25,阴~大雨,西南风1级
2024-07-30,星期二,31,24,大暴雨~中雨,西风1级
2024-07-31,星期三,33,24,大雨~雷阵雨,西南风1级
2024-08-01,星期四,34,25,阴~多云,东北风 1级
2024-08-02,星期五,34,25,多云~中雨,东风 1级
2024-08-03,星期六,33,24,阴~大雨,东北风 1级
2024-08-04,星期日,33,24,雾~多云,东北风 2级
2024-08-05,星期一,33,24,多云~晴,东南风 1级
2024-08-06,星期二,34,25,阴~多云,东南风 1级
2024-08-07,星期三,30,23,阴~多云,西南风 2级
2024-08-08,星期四,33,24,雾~多云,东南风 1级
2024-08-09,星期五,28,24,暴雨~大雨,东北风 2级
2024-08-10,星期六,33,23,多云,西南风 2级
2024-08-11,星期日,33,23,多云~阴,西风2级
2024-08-12,星期一,33,22,阴~多云,东北风2级
2024-08-13,星期二,30,22,多云~晴,东北风3级
2024-08-14,星期三,32,23,阴~多云,东风1级
2024-08-15,星期四,32,23,阴~多云,南风2级
2024-08-16,星期五,31,23,大雨~中雨,西南风1级
2024-08-17,星期六,31,23,雾~中雨,南风1级
2024-08-18,星期日,30,22,阴~雷阵雨,南风1级
2024-08-19,星期一,27,22,雾~中雨,东风2级
2024-08-20,星期二,29,21,小雨~多云,东北风2级
2024-08-21,星期三,31,23,多云~晴,西南风1级
2024-08-22,星期四,34,24,阴~晴,西南风1级
2024-08-23,星期五,33,23,小雨~多云,南风1级
2024-08-24,星期六,32,24,阴~多云,西南风1级
2024-08-25,星期日,29,22,阴~暴雨,西北风1级
2024-08-26,星期一,21,20,暴雨~阴,东北风5级
2024-08-27,星期二,31,17,晴,东北风2级
2024-08-28,星期三,31,18,阴~晴,西南风1级
2024-08-29,星期四,30,20,晴,西南风2级
2024-08-30,星期五,33,23,雾~雷阵雨,东南风1级
2024-08-31,星期六,29,24,阴转小雨,东北风2级
2024-09-01,星期日,32,19,雾~多云,东北风 3级
2024-09-02,星期一,28,19,阴~多云,东南风 1级
2024-09-03,星期二,27,21,阴~多云,西南风 2级
2024-09-04,星期三,28,22,阴~阵雨,东南风 1级
2024-09-05,星期四,30,18,多云~晴,东北风 2级
2024-09-06,星期五,30,20,阴~雷阵雨,西南风 1级
2024-09-07,星期六,22,20,小雨~中雨,东北风 3级
2024-09-08,星期日,25,21,阵雨~雷阵雨,东北风 1级
2024-09-09,星期一,24,23,小雨~雷阵雨,东北风 1级
2024-09-10,星期二,24,16,小雨~多云,东北风 2级
2024-09-11,星期三,28,16,阴~晴,东北风2级
2024-09-12,星期四,29,18,晴,东南风1级
2024-09-13,星期五,29,20,阴,东南风2级
2024-09-14,星期六,23,15,阴~多云,东风2级
2024-09-15,星期日,23,16,多云~晴,西南风2级
2024-09-16,星期一,27,19,晴,西南风1级
2024-09-17,星期二,29,20,晴~多云,东北风2级
2024-09-18,星期三,29,21,阴~多云,东风2级
2024-09-19,星期四,29,19,雾~雷阵雨,南风1级
2024-09-20,星期五,18,10,阴~多云,东北风4级
2024-09-21,星期六,24,13,阴~晴,北风3级
2024-09-22,星期日,21,9,多云~晴,西北风1级
2024-09-23,星期一,24,12,晴,西南风2级
2024-09-24,星期二,25,15,晴~阴,西南风3级
2024-09-25,星期三,25,14,多云,东北风3级
2024-09-26,星期四,23,18,雾~阴,南风1级
2024-09-27,星期五,25,19,雾~多云,东南风1级
2024-09-28,星期六,23,19,雾~阴,东北风2级
2024-09-29,星期日,25,15,雾~中雨,西南风2级
2024-09-30,星期一,17,12,大雨,东北风4级
2024-10-01,星期二,18,5,多云,西北风 4级
2024-10-02,星期三,20,5,晴,西南风 2级
2024-10-03,星期四,23,7,晴,西南风 2级
2024-10-04,星期五,22,9,多云~晴,西南风 3级
2024-10-05,星期六,23,14,多云~阴,西南风 2级
2024-10-06,星期日,20,10,多云~小雨,东北风 1级
2024-10-07,星期一,22,8,晴,西南风 1级
2024-10-08,星期二,23,11,晴~多云,西南风 1级
2024-10-09,星期三,19,11,多云~晴,西南风 1级
2024-10-10,星期四,21,8,晴,西南风 2级
2024-10-11,星期五,24,10,晴,西南风2级
2024-10-12,星期六,24,14,多云,东南风1级
2024-10-13,星期日,17,13,雾~小雨,北风1级
2024-10-14,星期一,21,15,多云,西南风2级
2024-10-15,星期二,22,10,阴~多云,东北风3级
2024-10-16,星期三,19,14,多云~阴,西南风2级
2024-10-17,星期四,16,14,阴~小雨,东北风2级
2024-10-18,星期五,19,5,小雨~多云,东北风3级
2024-10-19,星期六,13,1,晴,东风2级
2024-10-20,星期日,11,2,阴,西南风3级
2024-10-21,星期一,14,7,阴~小雨,西南风1级
2024-10-22,星期二,16,2,阴~晴,西北风1级
2024-10-23,星期三,19,5,晴,西南风2级
2024-10-24,星期四,22,7,多云~晴,东南风1级
2024-10-25,星期五,20,9,多云,西南风1级
2024-10-26,星期六,17,10,多云~阴,东北风1级
2024-10-27,星期日,18,4,多云~晴,东北风2级
2024-10-28,星期一,19,6,多云~晴,西南风2级
2024-10-29,星期二,20,8,多云~晴,东南风1级
2024-10-30,星期三,17,9,多云,东北风1级
2024-10-31,星期四,16,10,重度雾霾,西南风2级
2024-11-01,星期五,18,9,多云,西南风 1级
2024-11-02,星期六,12,8,雾~晴,西南风 2级
2024-11-03,星期日,20,4,多云~晴,北风 3级
2024-11-04,星期一,13,1,晴,东北风 1级
2024-11-05,星期二,17,2,晴,西南风 1级
2024-11-06,星期三,16,3,晴~多云,东南风 1级
2024-11-07,星期四,15,5,多云,东北风 1级
2024-11-08,星期五,15,5,多云,西南风 1级
2024-11-09,星期六,16,8,多云,西南风 2级
2024-11-10,星期日,19,8,多云,东北风 2级
2024-11-11,星期一,15,6,多云,西南风1级
2024-11-12,星期二,16,10,多云~小雨,东北风2级
2024-11-13,星期三,10,8,小雨,东北风2级
2024-11-14,星期四,19,6,雾~多云,西南风1级
2024-11-15,星期五,14,11,雾~阴,东南风1级
2024-11-16,星期六,15,1,晴,东北风3级
2024-11-17,星期日,12,0,晴,西风1级
2024-11-18,星期一,8,-1,多云,东南风1级
2024-11-19,星期二,10,0,多云~晴,西南风2级
2024-11-20,星期三,14,-2,雾~晴,南风1级
2024-11-21,星期四,17,0,多云~晴,北风1级
2024-11-22,星期五,14,0,晴,东南风1级
2024-11-23,星期六,10,1,晴~多云,西南风1级
2024-11-24,星期日,9,5,多云~小雨,西南风1级
2024-11-25,星期一,8,-4,阴~多云,北风3级
2024-11-26,星期二,3,-4,晴,西北风4级
2024-11-27,星期三,5,-5,晴,西北风4级
2024-11-28,星期四,7,-2,阴,西北风3级
2024-11-29,星期五,15,0,晴,西风2级
2024-11-30,星期六,15,0,晴,西北风2级
2024-12-01,星期日,13,-2,雾~晴,东北风 1级
2024-12-02,星期一,5,-4,晴~多云,东北风 1级
2024-12-03,星期二,7,-3,晴,西南风 1级
2024-12-04,星期三,8,-4,晴~多云,西南风 2级
2024-12-05,星期四,10,-3,雾~多云,西北风 1级
2024-12-06,星期五,9,-4,多云,西北风 2级
2024-12-07,星期六,6,-5,晴,西北风 1级
2024-12-08,星期日,6,-7,晴,西南风 1级
2024-12-09,星期一,6,-5,多云~晴,南风 1级
2024-12-10,星期二,7,-2,阴~多云,东北风 1级
2024-12-11,星期三,6,-3,多云,东南风1级
2024-12-12,星期四,3,-4,雾~阴,西南风1级
2024-12-13,星期五,5,-7,晴,西北风2级
2024-12-14,星期六,7,-7,晴,西南风2级
2024-12-15,星期日,8,-5,晴,西南风2级
2024-12-16,星期一,9,-3,晴,西南风1级
2024-12-17,星期二,5,-5,晴,东北风1级
2024-12-18,星期三,5,-5,晴~多云,西南风1级
2024-12-19,星期四,2,-7,阴~晴,西南风2级
2024-12-20,星期五,4,-9,晴,西北风2级
2024-12-21,星期六,5,-8,晴,西风1级
2024-12-22,星期日,5,-7,晴,西南风1级
2024-12-23,星期一,7,-6,晴,西南风1级
2024-12-24,星期二,5,-7,多云~晴,西南风2级
2024-12-25,星期三,6,-6,多云~晴,东北风2级
2024-12-26,星期四,1,-6,多云,西南风1级
2024-12-27,星期五,3,-10,晴,西北风2级
2024-12-28,星期六,6,-8,晴,西南风1级
2024-12-29,星期日,4,-7,阴~晴,西南风1级
2024-12-30,星期一,9,-5,多云~晴,北风3级
2024-12-31,星期二,7,-2,晴,西南风2级
